voiceID,duration,meanF0Hz,stdevF0Hz,HNR,localJitter,localabsoluteJitter,rapJitter,ppq5Jitter,ddpJitter,localShimmer,localdbShimmer,apq3Shimmer,apq5Shimmer,apq11Shimmer,ddaShimmer,f1_mean,f2_mean,f3_mean,f4_mean,f1_median,f2_median,f3_median,f4_median,JitterPCA,ShimmerPCA,pF,fdisp,avgFormant,mff,fitch_vtl,delta_f,vtl_delta_f
data/Audio/PP72.wav,348.936,207.00118106819627,35.96322437895248,11.362822388953903,0.0178733446399877,8.636256458022508e-05,0.0094657147924429,0.0102314629127228,0.0283971443773288,0.1603305913659216,1.462169127844473,0.0737910261714369,0.1001861474099801,0.1584063207573283,0.2213730785143108,567.1875530612922,1677.3051745234225,2605.8268965515767,3798.854640704597,537.9947996690571,1682.2228126025338,2634.362500571596,3889.124583332292,-2.1303804189902125,-0.2656134909889679,0.8686385848097151,1117.0432612210782,2185.9261740438697,1745.007294557142,16.056232636394185,1094.7701862776353,15.985090039309835
data/Audio/PP70.wav,395.496,223.55638897301105,40.97519800276044,12.055451535915378,0.017426327967405,7.78887300521547e-05,0.0092485702656862,0.0102492550781071,0.0277457107970586,0.1500122402079535,1.392362760994368,0.0673337503332067,0.0922432114364374,0.1444709582128774,0.2020012509996203,563.4705535462386,1771.030775057262,2646.934228113034,3787.894564780095,524.2074324407733,1784.0357172326885,2672.958333916375,3897.344018198824,-3.37582438874616,0.637523674765147,1.1741708602564958,1124.37886191935,2219.6363754471654,1766.7166936976928,15.872290047228612,1107.6789138360116,15.79880214510504
data/Audio/P10.wav,426.0,114.48173852118708,26.14155764692101,10.727324485758151,0.0171041332478626,0.0001498059709223,0.0086801222981373,0.0099416924846251,0.0260403668944119,0.162686902190205,1.4681744958508247,0.0681177259897173,0.0996810868170321,0.1718604511588417,0.2043531779691519,435.2764100421505,1471.587486398993,2430.757947304556,3286.0744867368267,422.7405581523324,1461.087015322497,2432.324651489552,3233.344551573323,-2.1692487389452366,-0.1940717388948235,-2.0319497649969147,936.8679978069968,1887.374194134426,1484.587779669862,18.89862283405792,942.8818267281154,18.560120159200196
data/Audio/P25.wav,382.992,189.8439246964766,59.73856432459659,6.363511549892828,0.0304537844277331,0.000159301322679,0.0158648288265311,0.0165030444564019,0.0475944864795934,0.1842753816214752,1.6175186499191896,0.0850993015547118,0.1205584312156693,0.1995357375286094,0.2552979046641356,529.2023901825954,1653.4790337105703,2579.0420353100426,3624.6951931730296,497.86192992638206,1631.144148263293,2623.216633323989,3662.79727285988,3.278643080974932,0.7142281918078814,0.0719708434360405,1054.9784476444995,2103.754996093386,1671.3294856347234,16.767085412237236,1051.1180583656042,16.64893858565322
data/Audio/P47.wav,210.0,134.87385571499752,36.376957277738455,8.345052883633118,0.017441494835689,0.0001300837838352,0.0089936004943408,0.009638611790293,0.0269808014830226,0.1702188436405627,1.495276082248705,0.0808628224929159,0.0980019749978452,0.1432494367657422,0.2425884674787477,459.5522418869574,1457.497049060291,2433.183331074865,3421.820345476437,434.9980502859029,1443.4516411979785,2420.4095964443395,3405.1823015528284,-1.6617718894541342,-0.7571484526837706,-1.740823949287463,990.0614170889752,1926.010397370262,1508.2720934746528,18.590837899744542,969.1351682612224,18.05733665758688
data/Audio/PP43.wav,166.008,110.97705022650112,43.29618428678851,6.031224003987711,0.0286491249911307,0.0002591868347285,0.0148220015402435,0.0159339254390638,0.0444660046207307,0.1825895894410291,1.588855124123767,0.0872692462060778,0.1116767129195746,0.16600789421132,0.2618077386182334,491.5229064732514,1545.428104585034,2448.726634292993,3593.9047014002253,469.0559806365211,1539.4206265737507,2445.9920960768004,3608.635055274953,2.7327214978743606,1.1192572616802865,-0.8608639225430829,1046.5263582128107,2015.7759396405063,1588.8942669517558,17.64148473893485,1013.7553268492011,17.262548009874155
data/Audio/PP24.wav,210.0,206.4468027111519,33.61040137632458,8.973310745292745,0.0230117323312334,0.0001114891263603,0.0122890794617467,0.0136362340752693,0.0368672383852401,0.1729040055701451,1.5349793513539076,0.0800142414534926,0.114992225299477,0.1814906309892432,0.2400427243604778,559.933817658002,1690.7219689842057,2634.5742066494813,3641.3763288022815,501.3322724366346,1708.967916126149,2728.276692600883,3673.938326220732,0.5862023670712475,-0.0902650309107025,0.5731049984334945,1057.5353512613658,2153.1288018461,1711.8667697070723,16.380222196990523,1071.1235182705864,16.33798502366481
data/Audio/PP64.wav,447.0,118.45338428695692,27.42653078745787,8.147353290785182,0.0242749778127101,0.0002054938762203,0.0129010000417963,0.0148771492857648,0.038703000125389,0.183630782672777,1.596881643194954,0.0816353293678074,0.1189510448673073,0.1940550512671857,0.2449059881034223,459.1801873191237,1541.484519797086,2432.7408380541765,3471.9961339643096,433.0057670475421,1521.7954728187833,2406.5447949091194,3449.306410738839,2.043388975708726,-0.0553930712118682,-1.4905391102799157,1005.433547897099,1952.6631113785709,1529.3043486918596,18.348432114265364,980.3871675052707,17.850090841693845
data/Audio/PP13.wav,270.984,181.3525998559924,40.87533710040857,10.894524261062022,0.027369215911438,0.0001500566149381,0.0150027084177992,0.0147993519011973,0.0450081252533978,0.2001989351299332,1.711278026906504,0.1034472522416328,0.1396617804159975,0.2143916953082174,0.3103417567248985,509.4370848935711,1678.5231680965337,2603.222286432173,3761.6220097192177,505.45392691734713,1677.8561523793935,2623.937943236931,3830.469742573003,5.0330084427998765,-1.9734359199105904,0.5370456848318252,1108.338605218552,2159.4294412766685,1708.67896841055,16.404938836129926,1082.6666737678856,16.163792997429834
data/Audio/P64.wav,604.992,109.4122061020162,26.384512309419524,7.911593379714777,0.0220476702869736,0.000201939237091,0.0117818177069293,0.0130700137529556,0.035345453120788,0.1795598992620982,1.5800822317981733,0.0823001982203179,0.1136184891755078,0.175391736636977,0.2469005946609538,472.5601951721248,1542.725277325195,2425.3157040632327,3529.8157897594124,444.52118605218,1535.566177272858,2391.9681815099907,3507.549866104778,1.0633629823914628,-0.2987154542808914,-1.3171909084841409,1021.0095600175327,1969.901352734952,1546.9634885761386,18.132870521956427,989.6168973370037,17.68361074582638
data/Audio/PP53.wav,310.008,157.88105315234412,37.8328257731352,8.228605971112476,0.024261075973411,0.0001534605128783,0.0127595971551312,0.0138764443601156,0.0382787914653937,0.1841757582033125,1.6082436802334703,0.0878241003825396,0.1182180656298707,0.1821374474087922,0.2634723011476188,468.8367907578706,1606.7843239521649,2548.3279283447164,3608.4959841064,443.23136809836194,1609.2316087487682,2587.151312625483,3625.918712323374,1.9172504089383573,-0.6092632339648806,-0.4628977686029077,1060.8957814083374,2066.3832504489965,1608.3191537093471,17.46406937878327,1037.812231993707,16.862395200701503
data/Audio/PP77.wav,453.528,217.1366533786012,35.946539265399984,8.91571498913821,0.014837346839206,6.830089826906558e-05,0.0077803031270352,0.008860066457075,0.0233409093811058,0.1506751268424856,1.3666462532780044,0.0648047643973133,0.0912420915520131,0.1467521630005985,0.19441429319194,637.4670042388396,1717.6558337690806,2652.7530691856023,3660.6887431219297,632.6315125807746,1696.4361389359551,2687.153593338433,3690.515219730967,-4.1720846207031945,0.1367379825145252,1.2561758134081875,1019.2945690500642,2176.6841161465327,1806.204654263577,15.54562461373493,1071.2217722427995,16.336486480629063
data/Audio/PP59.wav,261.0,216.49927930003471,31.73816823979728,11.40375202443377,0.0167982934828896,7.758674233503417e-05,0.0084957129921047,0.0099795594925043,0.0254871389763143,0.1482849558733467,1.3433714376468544,0.0631780170463408,0.0902215388066124,0.1386789240768762,0.1895340511390226,558.6782179080359,1755.3429557810807,2703.8002636323176,3695.1530007958586,531.2740916033418,1748.720160831582,2701.870172861288,3695.1162195821753,-4.12023293367519,0.8798111844947187,0.838122189763504,1054.6140426596112,2169.245161219597,1745.1504896956967,16.062310149234293,1075.0618803685657,16.278132747112604
data/Audio/PP60.wav,421.992,194.7315346554924,33.405005795037894,10.248510736960297,0.0152480424847918,7.836405853213892e-05,0.0078856109122871,0.0090318294261048,0.0236568327368615,0.1655024076794577,1.4796063872590266,0.0734844685620617,0.1036304183093986,0.1686077167409511,0.2204534056861853,575.4862858687937,1711.9913877745205,2708.681018046465,3694.721731181704,547.7375144460217,1721.226519364648,2750.533420150309,3763.420135952728,-2.378857812016892,-1.2416555500928297,1.089990902387853,1071.894207168902,2195.729397478427,1767.4719754434548,15.851663241011718,1090.6672648800145,16.04522347328834
data/Audio/P12.wav,204.984,184.7192301177371,43.006649603346375,11.951335879577188,0.0157556876162823,8.509047780787131e-05,0.0080779191353082,0.0083287747162024,0.0242337574059246,0.1477401780899645,1.388074936697025,0.0653714559495638,0.0918554020965562,0.1561819081153995,0.1961143678486914,553.4660312681452,1500.1381564411322,2454.893680298711,3511.2679052141384,533.3075039939243,1481.267747870004,2446.6396623196865,3489.177789660276,-3.862268256601905,0.0975036717708284,-0.8423959135352749,985.2900952221172,1987.5981759609729,1611.4843534647468,17.391074722012952,991.2988949243882,17.653605879722907
data/Audio/P83.wav,166.008,220.8074223790485,42.04212958793419,11.924044253411624,0.0201617901717385,9.119739855709988e-05,0.0107214251817959,0.0116258301307113,0.0321642755453879,0.1519889571418959,1.446224079379361,0.0660280840759702,0.0950960979408776,0.1608529279445867,0.1980842522279108,556.0117771912429,1703.8501117484343,2638.107487474564,3700.845155599501,516.8743907333223,1708.4921872188802,2673.558544930499,3797.9854386024567,-2.357572873017766,1.029540283799898,0.7503949195701024,1093.7036826230449,2174.227640371289,1730.4547666903966,16.196007884465594,1085.6200416014206,16.119820314099385
data/Audio/P1.wav,196.992,131.5377156517938,26.486533413334488,7.272724205765387,0.0228460854857758,0.0001742068602679,0.0122026718405192,0.0133647888775155,0.0366080155215578,0.1782035936998749,1.5935546460151937,0.0795357104111229,0.1176974633214575,0.1984295814746111,0.2386071312333687,512.0070523838099,1595.3640753024931,2474.122423649545,3479.2277415885205,497.0393367104791,1606.4571141822585,2497.217692908572,3493.359851905989,1.3436192813805072,-0.3919205675108288,-0.5851267499798567,998.77350506517,2023.5184989268248,1624.575525769937,17.249326910716796,1006.0956692176676,17.393972099698896
data/Audio/P61.wav,132.0,191.1553252819513,40.50792482623644,10.523847696848872,0.0277479490204204,0.0001450596250568,0.0153261411346446,0.0148907150442366,0.045978423403934,0.191078683234787,1.660843087269332,0.1001696848672584,0.1339678767815431,0.1924719803867813,0.3005090546017753,547.1748431730267,1715.8332920296928,2742.094679560548,3810.583267406184,517.1173237648429,1704.2838900062704,2765.882853209775,3855.074587877457,4.1695683198976745,-1.078341846852583,1.0524461446286977,1112.6524213708717,2210.589663714586,1750.8518454740808,16.007242967331084,1105.8310803565412,15.825201796966734
data/Audio/PP5.wav,235.992,125.12780497083072,27.29804302698183,11.25500834609154,0.0204068806383323,0.0001631886742462,0.0113683513911964,0.0118786656667671,0.0341050541735894,0.1883717732208517,1.6497414145176357,0.0911210813825945,0.1228286760894408,0.2026390959215593,0.2733632441477836,471.040723505748,1544.017131178005,2572.573782160788,3586.454685330424,456.0740519125593,1566.9586623464809,2576.1524688513136,3581.0685268300904,2.0692731652921874,-2.0486247015379035,-0.6065908481261195,1041.6648249725104,2045.063427485111,1602.3938688636122,17.50605044190547,1026.3140969290287,17.05131017138329
data/Audio/P67.wav,640.008,138.28051461777633,31.767603592655487,9.859874320011407,0.0180311932027957,0.0001308943937891,0.0092638343086813,0.0104234855491694,0.0277915029260441,0.1664855060680422,1.4395249263250949,0.0717275230134171,0.097296667593681,0.1491518867605929,0.2151825690402513,504.5946223661565,1534.43515772491,2548.5090919704944,3596.70145798204,498.5747805185184,1529.7811466834844,2578.7865042218573,3623.3101497620873,-2.2002375029617065,0.0988949110625058,-0.3776683688304288,1041.578456414523,2057.613145296487,1633.879890462465,17.14477961126731,1032.0243283336397,16.956964598166415
data/Audio/PP89.wav,619.704,146.41853061977906,27.128423673516835,11.266324908068176,0.0173694870729292,0.0001190258426038,0.0087500172559657,0.0106584559571093,0.0262500517678972,0.1669363234959324,1.4624676530497034,0.0698862842571292,0.1011804244277312,0.1673984230732394,0.2096588527713876,493.0633818116356,1481.1707118476809,2404.729536669377,3423.5654172820146,478.2133688538611,1503.7231359667514,2381.9835210088595,3400.962770132916,-2.0685505125091432,-0.3047427859593151,-1.4106274552102904,974.2498004263516,1941.2206989905967,1553.5761887386334,18.032648637526087,969.1914231602101,18.0562885533369
data/Audio/PP73.wav,427.008,192.88790761274416,36.95416983085925,10.38150168193336,0.0156831293814613,8.126489443226132e-05,0.0083888937792826,0.0090519604689998,0.025166681337848,0.1649741475853648,1.488269032007948,0.0757429691349318,0.1040838993176168,0.1638781264931292,0.2272289074047954,581.8231334322567,1657.239727886293,2582.428994760282,3635.744674509932,551.2741223696385,1660.3982875479956,2628.3799303242868,3692.300994504456,-2.148524826014994,-1.1874758435010488,0.5356292013770131,1047.0089573782725,2133.088333686594,1726.399417232403,16.228896817046135,1060.0113237658632,16.50925759720037
data/Audio/P44.wav,406.008,163.71416114387287,78.66013884825855,5.969899705294292,0.049409250647264,0.0003101217424946,0.0260706213372589,0.0284912099869597,0.0782118640117768,0.2152660153661042,1.807783288737664,0.1027465400607569,0.1429191938872673,0.2353693797931967,0.3082396201822707,416.7029299726594,1634.5647884104187,2510.2974588299858,3612.909597135424,371.8261920145572,1623.7020874326893,2483.253904696631,3580.8757955762494,11.22692299566272,3.341030354704319,-1.1680478767099731,1069.683201187231,2014.914494930032,1522.1735743820836,18.605506611625827,1017.26982254356,17.20290881748892
data/Audio/P71.wav,214.992,197.45722533018488,43.21174598478356,10.396190034843253,0.0243001395376093,0.0001225347554353,0.0133892617336191,0.0135738056753374,0.0401677852008574,0.1688419131533032,1.5446362691993705,0.0854620370760068,0.1139332111326108,0.1673989981991857,0.2563861112280204,604.2991530548578,1642.1183135561057,2667.781254152389,3728.376557832287,570.8828341048728,1670.0505914407945,2696.695905332733,3793.798671455871,0.9685304487809336,0.1710436713500305,1.0125873206217235,1074.3052791169994,2182.857000583568,1767.2407490729438,15.853387500338698,1086.2167817924292,16.11096449009215
data/Audio/PP15.wav,508.992,177.31698311605558,34.60950293850001,12.022832117673286,0.0142573825417152,8.03913027941328e-05,0.0071098981370159,0.0075683074358737,0.0213296944110479,0.1513592459084171,1.4004359962908444,0.0685587698278069,0.0924084534442135,0.1458807875482975,0.2056763094834208,552.2488694783543,1616.7861163541668,2584.236177772292,3657.5534336974815,535.6700444662713,1582.8243547392356,2575.461700953091,3683.275929251644,-4.056427540692444,-0.4859756236689584,0.0873673265260154,1049.2019615951242,2094.3080073525607,1684.049523735961,16.633856182547312,1046.2948361478796,16.72568705818081
data/Audio/P72.wav,154.992,213.948749286578,28.847772428594347,11.596163338394296,0.0224314837061129,0.0001048819402887,0.0121918718498777,0.0127119487620409,0.0365756155496331,0.1601741517209292,1.4763000690682098,0.0758496030314945,0.1044453891161312,0.1574954722534813,0.2275488090944837,515.557967891012,1685.8598112529537,2668.913257236665,3812.206778630946,473.7309590302112,1692.9986442384695,2715.52433966242,3910.4802454403175,-0.7974580890387838,0.7689512171059086,0.7395732714764585,1145.5830954700357,2198.1835470928545,1708.3153509004187,16.437384816826786,1107.2311978128557,15.805190491893862
data/Audio/PP65.wav,832.008,114.48353029703355,22.44408236024751,9.388276022334116,0.0202315041211429,0.0001770518504773,0.0104165489908516,0.0112064164826588,0.0312496469725549,0.1733483724998845,1.53247405886188,0.0793652190706405,0.1066985003585693,0.1642565884294435,0.2380956572119216,452.6682323213324,1519.4783054377071,2478.864001731192,3671.9816376860736,431.5288409696548,1515.0528204853304,2489.3775702081293,3674.284237019759,-0.3186683087924018,-0.3824256348497173,-0.939929012198432,1080.9184653500347,2027.5608671707184,1563.7786544249757,17.96186516566611,1027.227733633443,17.03614439818534
data/Audio/PP37.wav,208.008,194.6278761820652,38.6993400580888,10.679933876162169,0.018487458939604,9.484889602387578e-05,0.0096430889726889,0.0104520891798348,0.0289292669180668,0.1590026311154228,1.4395864777112397,0.0702834286434433,0.0984742518126108,0.1594473534965707,0.21085028593033,554.268483059052,1656.4284909086507,2584.965782269594,3503.272835894495,534.2541116350139,1669.7962467970497,2617.36027853664,3499.845151632362,-2.3242965640821414,0.1643994917886111,0.1043966421749024,988.5303466657828,2080.3139471502664,1690.7559430765891,16.57863592125031,1026.889531098474,17.041755193745207
data/Audio/P65.wav,601.992,120.18589314328062,33.973672935289976,9.605684810483009,0.0205223168697258,0.0001716757229448,0.010457244048855,0.0110434908022645,0.031371732146565,0.1721844796258913,1.523812958185528,0.0803648244761552,0.1044266514613718,0.1583734291636963,0.2410944734284656,450.25749743348456,1505.8783645242574,2457.783661108413,3634.2800404869,439.01329600540765,1501.5575066319968,2443.639125212637,3653.119124380371,-0.4543502292604431,-0.2986161006868163,-1.0753820232658924,1071.368609458321,2009.332263057603,1557.507464869436,18.020756696985348,1017.4694122054091,17.199534246506722
data/Audio/P21.wav,535.008,198.57435374566217,33.00379870731056,10.156314388217098,0.0171058205748309,8.605490183013145e-05,0.0090632619579086,0.009652249009854,0.027189785873726,0.1466666819539652,1.3770022621689095,0.0665959460358807,0.0908738713890698,0.1424055375182354,0.1997878381076421,555.904450915492,1632.3065723741322,2669.979415140649,3614.710213907754,504.76486592734994,1617.4001019150965,2723.3956352290725,3632.9148456252674,-3.657629183004665,0.7096214229248208,0.2562945284574229,1042.7166598993058,2119.6188621741967,1685.8469126942766,16.622199610166426,1057.24636350464,16.552433381742436
data/Audio/P84.wav,334.992,206.45617112343675,32.802614742988176,12.401099623089546,0.0174639666609462,8.464694281974798e-05,0.0091346027889977,0.0100646673907762,0.0274038083669932,0.1542054543686579,1.395682671316713,0.067914666366831,0.0940877240472621,0.1532438619278918,0.2037439991004933,511.3106218770015,1719.6058984948004,2705.0606208003737,3661.178084993211,494.2912542065028,1731.6563937056253,2758.753365906531,3729.191189414355,-3.0990059907983625,0.3750443165830109,0.7598960355087523,1078.2999784026174,2178.473050808254,1722.6341127101712,16.286023871346817,1085.4134664465837,16.12288822736955
data/Audio/P29.wav,231.0,181.93615042106,41.65490963755536,8.876099891470837,0.022106242389145,0.000121286384668,0.0120683026581687,0.0126405469742224,0.0362049079745062,0.1795025614383804,1.5801090275650207,0.0881999957574924,0.1222747701741831,0.1845149608479273,0.2645999872724772,508.4318812898796,1625.6542309693311,2551.895855039404,3650.3693442099616,491.7923866381628,1609.0643501532522,2569.590380294579,3666.383806015912,1.3893539184628851,-1.1416244486243925,-0.1443631071631256,1058.197139792583,2084.2077307754766,1652.3964735543886,16.959445877835265,1043.6100947781476,16.768714760008315
data/Audio/P4.wav,262.992,138.11213543313323,40.62678710057046,6.412090728926939,0.0258970757280903,0.0001883090486797,0.0134871026262589,0.0149651733593187,0.0404613078787767,0.1856514698414839,1.5985032900958984,0.0855017731036325,0.1180236972114738,0.1830844443678293,0.2565053193108977,504.3056785481271,1540.3166921258455,2569.900315311634,3447.46351376537,480.6219557536738,1508.3172852418647,2601.43894631317,3435.261834947697,2.277052300062126,0.0238340609460523,-0.8148731687891094,984.879959731341,2006.4100055641013,1595.392144011293,17.56412084915007,1001.4190806590237,17.475201279851216
data/Audio/P76.wav,216.0,164.28235841355882,44.40750022200544,9.145310011566558,0.0269012449796221,0.0001637380354934,0.0146278514420198,0.0150801287812301,0.0438835543260595,0.1836406510094657,1.6068611297575224,0.0901966887551233,0.1195610647399721,0.1771020702601889,0.2705900662653701,494.4774142998031,1660.5253358491707,2660.922728947512,3653.058258471368,463.3573502302817,1658.0108483639874,2686.9814001746345,3671.023108814152,2.669720702171247,0.0606992756589165,0.102854119954685,1069.2219195279567,2119.843176895764,1659.1620316489996,16.920767862343858,1061.1775870927256,16.491113469465738
data/Audio/PP84.wav,540.12,216.38029215228727,28.81976398568316,7.329114700385035,0.0130853835910734,6.049103042892244e-05,0.0066625975400431,0.0078373562707408,0.0199877926201294,0.1400955709036983,1.265099038987013,0.0566870700668599,0.0800311585950666,0.1338001162981137,0.1700612102005798,567.0919462619331,1682.3099302119424,2631.215582934619,3632.628937325956,540.674961921449,1699.6874597849871,2631.295378257744,3663.24272567563,-6.01087735315224,0.8611902114637268,0.5388658976023363,1040.8559212513935,2133.725131409952,1725.1829479176615,16.243610431147236,1058.0693645784413,16.539558355866767
data/Audio/P11.wav,271.992,187.21818175593071,33.74034397407825,9.66312847548319,0.0166132511345712,8.861809901249991e-05,0.0088643438002629,0.0093080477722528,0.0265930314007887,0.1597055034210948,1.466075857521954,0.0733715477708625,0.1011594651211478,0.1647269186961074,0.2201146433125875,570.7166797332496,1691.5483483468026,2629.5337003121617,3756.1410718006696,544.5203480020741,1700.7949411354427,2693.282895510575,3846.362805669257,-2.3088092386025325,-0.6496676740076303,1.0230091424769034,1100.6141525557275,2196.240247579337,1759.9469295395431,15.917849645799325,1096.1395068725255,15.965121127629555
data/Audio/PP27.wav,276.0,183.3363565953805,32.62827415984905,9.473040562763236,0.018349585965187,0.0001000139752204,0.0096367628054604,0.0104127644639788,0.0289102884163813,0.1745653451558453,1.5560325637502643,0.0810233057616558,0.1081580060851647,0.1653756291528893,0.2430699172849675,559.1641568867559,1727.9615425609784,2593.38891373319,3696.643862966392,520.7615521549031,1748.0028904957192,2636.9949329394994,3756.276984992156,-0.7545917877074868,-1.2216994428830306,0.72748474170957,1078.5051442790843,2165.5090901455696,1732.8540709267618,16.17908684485708,1077.2305662686822,16.24536152981307
data/Audio/P58.wav,220.992,195.7856045527035,50.65744108320017,11.739998976937288,0.0267301103417156,0.0001360953758805,0.0147619770187087,0.0149703518541305,0.0442859310561263,0.1845818225201173,1.6080370844441128,0.0952211097342012,0.1268692151555882,0.1756595048200046,0.2856633292026037,508.0367679930035,1734.7085498936135,2683.5836720838333,3732.152008915263,478.3800072305654,1730.468295578399,2698.7427440606257,3788.482923253333,3.020035409408922,-0.4545989261458315,0.623753861853358,1103.367638674256,2174.018492530731,1705.6537459885735,16.459719072642905,1087.6875970724338,16.089178590527403
data/Audio/PP81.wav,1051.608,217.05871579031648,31.77922163879967,11.627898904768038,0.0111785919194735,5.149104748230235e-05,0.0056059624753932,0.0062831632688252,0.0168178874261798,0.1302208580912828,1.2036776748478104,0.0566314905063545,0.0781385889118764,0.1219481598891342,0.1698944715190636,599.0512924096743,1684.7379507794103,2586.703590590273,3680.946522528204,594.2227880115178,1698.061513831718,2608.8697139673422,3752.823220029931,-7.070356437751587,0.7550924936156205,0.9560922882317882,1052.8668106728044,2163.4943089601275,1772.8757717056958,15.818670271504427,1071.488534275069,16.332419284206225
data/Audio/P30.wav,174.984,198.39066031190475,58.77691679715426,6.8562492953483485,0.0311731290290373,0.0001568882815557,0.0166334040684024,0.0177610843095692,0.0499002122052073,0.1921383623306911,1.644064689601568,0.0924580383720279,0.1260573040086141,0.1651557174495117,0.2773741151160837,526.6677649927051,1709.7454125495924,2669.7950839626683,3748.1450202770015,487.2525366594106,1722.4669484069768,2683.821346706459,3842.352339378788,3.900358092324523,0.7406653293500323,0.7122125617290735,1118.366600906459,2183.9732927879086,1715.1967648979412,16.359935602808008,1094.5292021681942,15.98860950017011
data/Audio/P52.wav,279.0,112.60674855759638,26.8349702659238,7.797452551561359,0.0195496209475562,0.0001736556189758,0.0102708943227076,0.0109486788958165,0.0308126829681229,0.1825855754719328,1.6017372938298704,0.0885581032431485,0.1139132031193913,0.1748527842433646,0.2656743097294457,471.2925009507464,1504.1801399653264,2479.9028745435226,3599.13993269406,453.0747214928188,1504.2991722925851,2485.682895211167,3597.753875380145,0.7957361781475655,-1.5941065014758522,-0.980958255811151,1048.226384629109,2010.2026660941788,1571.2500537242574,17.846945482251265,1013.777710525891,17.262166861926744
data/Audio/P89.wav,334.992,134.78172864048597,25.325565366998443,11.008059794508984,0.0179139983728177,0.0001331884032977,0.0093995753530665,0.010830921877017,0.0281987260591997,0.167934069263176,1.524999090014026,0.0711708408788971,0.1019276178708713,0.1688559906174622,0.2135125226366915,472.03466435297247,1509.524393081813,2438.72849527182,3486.8002099505097,465.7961126931351,1541.205575639829,2384.375199239254,3434.3958892794776,-1.526465503595107,-0.3266184872220737,-1.3173375724571823,989.5332588621142,1956.443194212924,1557.1137714710608,18.000018208239354,977.4300014467912,17.90409540744249
data/Audio/PP17.wav,460.512,188.7115229600661,55.56808631636878,9.773753188983193,0.024303435919312,0.000128173135619,0.0130817736539551,0.0136514533408768,0.0392453209618655,0.179610797583704,1.5880197168312968,0.0876611046687198,0.118337027871601,0.1798387549026604,0.2629833140061594,522.8590146977658,1626.0044806685412,2673.548008022922,3686.1550757371,509.3717100537328,1625.3894793781617,2715.8051100938305,3742.320021700052,1.6668729020160615,-0.4887902719048724,0.4761693930101045,1077.6494372154398,2148.221580306444,1703.1697987643722,16.451064079731808,1075.2572821561366,16.275174593478223
data/Audio/P31.wav,397.008,219.77844730159617,35.268213903164074,10.975590322138247,0.0220590186630329,0.0001002726628942,0.0116680146141402,0.0129776349451057,0.0350040438424206,0.1602775890326878,1.4706263915109754,0.0721744627195098,0.1031468982287094,0.1615918976676151,0.2165233881585295,541.1259508992873,1714.729272285861,2599.597918065082,3604.0897879746335,501.75331872550487,1726.4450463346457,2630.728043447317,3618.439184442066,-1.120537162054448,0.8470833670407135,0.3026611374624773,1038.8952885721872,2119.341398237383,1694.5721369770188,16.550266938723283,1051.5191182395354,16.642588514509075
data/Audio/PP66.wav,432.0,119.93133337160188,31.905323463714115,8.758135602693697,0.0256767985275122,0.00021488663561,0.0136775801236077,0.015283458776496,0.0410327403708233,0.1876140333846699,1.6371173519643043,0.0860341999303411,0.1191199102931781,0.1822636562636483,0.2581025997910235,477.7549574663485,1497.8765766388703,2542.2977418450987,3688.612018589792,462.5334813118614,1503.1918674728768,2520.13525144827,3696.8190265946,2.6430828751094086,0.0070402682714122,-0.6775546819958308,1078.0951817609127,2045.669906706902,1595.3368916048298,17.577216905001197,1034.5361554079534,16.915793525939307
data/Audio/PP74.wav,337.416,199.2083221770016,44.6365619913827,8.894230535918057,0.021178485421764,0.0001063199161901,0.0111449516577448,0.0120855954131919,0.0334348549732344,0.1708603731211078,1.502141005849338,0.0787377624779789,0.1047747886482657,0.1430301874295987,0.2362132874339369,557.7968409273103,1723.48874754359,2648.1426168267967,3777.885419947681,536.9030578087484,1728.772248735026,2680.2122476259365,3872.026878848325,-0.8580955631014869,0.1482140412300038,1.0692278905889705,1111.7079403465257,2204.478608254509,1761.7135824015895,15.905819562193248,1100.6778379543282,15.899293504923055
data/Audio/P80.wav,259.008,224.28591944738133,36.23200285802852,11.746483574259672,0.0202112349099322,9.007639118875496e-05,0.0106853414060718,0.011801082260596,0.0320560242182155,0.1566087212617228,1.4354369251240506,0.0688023612382708,0.0983693653727808,0.1597544625363575,0.2064070837148126,548.8652532044406,1645.6289599554086,2497.955129165755,3639.789275356613,527.0710090173345,1661.6381180367102,2513.698914388297,3686.5158645847378,-2.068060114681997,0.7845885695229098,0.1180874568756765,1053.1482851891344,2097.2309765067703,1687.849560719108,16.604519031727644,1044.9069282657645,16.747903116160604
data/Audio/PP55.wav,213.0,178.23077582482705,31.74021091571948,8.814937854790058,0.0181405938106636,0.0001015464729354,0.0097610924283743,0.0106461623158722,0.029283277285123,0.1812256568443395,1.6069640041020592,0.0897519529123311,0.1231048887906734,0.1874396625651751,0.2692558587369933,565.6697231217607,1672.8348486077969,2641.588602254204,3661.129057616557,541.6791907493575,1677.0339609242883,2641.8784644017924,3691.5577438163455,0.7112949480938735,-2.4426305117472924,0.5547732498290556,1049.959517688996,2138.037339972946,1725.248377073926,16.23955137946548,1062.4542286248954,16.471297801364823
data/Audio/PP31.wav,423.0,216.7867231553748,37.950699669605406,12.64286054119072,0.0190326980154885,8.771600609957931e-05,0.0098911123314105,0.0107802414489718,0.0296733369942317,0.1475761302866403,1.393274544369371,0.0633102814755621,0.0901664547890096,0.1522438319485295,0.1899308444266864,519.9513163838199,1703.7131045691867,2612.6636392110354,3645.2318078387175,483.79413879831816,1729.3955601375264,2694.7737418520164,3723.087227984385,-3.295972032179984,1.2011317362100615,0.5317490353601445,1079.7643630620223,2157.7626671930616,1702.1393629121746,16.487862176800064,1076.3680981990876,16.258378550311846
data/Audio/PP56.wav,238.992,203.6010553912625,43.48586915716621,11.976939448335733,0.0209576588174955,0.0001026168180757,0.0115429342467967,0.0116438907211602,0.0346288027403903,0.1796475692695761,1.5826614732867392,0.0912251382642578,0.1204033401023843,0.1706311458179033,0.2736754147927736,522.27080298073,1689.7352247594308,2642.71423343936,3679.9627077756895,508.4620691387438,1697.464193009309,2706.714095622106,3746.5691962108776,1.0078371477227366,-1.499672980016985,0.6581199702743543,1079.369042357378,2164.802388495259,1720.021324538197,16.29620007367612,1080.0097499941273,16.2035574216762
data/Audio/PP63.wav,346.008,104.82767650549977,32.51965210202066,10.518020335239132,0.0334136418437573,0.0003200524314646,0.0184461834874205,0.0197227473592304,0.0553385504622615,0.1896423655151393,1.638191432178051,0.090480855579755,0.1205514752937739,0.2012934907712145,0.2714425667392652,488.9757495288309,1566.0933964980088,2574.366182527594,3528.2844840503803,470.11215645502,1576.2552583384709,2593.297530899976,3506.985450708434,5.456490671183888,1.901063327554,-0.5839399926138671,1012.2910980844714,2036.6625991004755,1611.215329319709,17.400382250370708,1017.006279545937,17.207366711455535
data/Audio/PP78.wav,337.416,199.2663538163319,39.711695311558,10.065272959810413,0.0187349453835277,9.397403179715596e-05,0.0099345740782681,0.0109989881472269,0.0298037222348045,0.1672731144709559,1.5101870561069315,0.0739350564361164,0.1044090893803698,0.1698999057752865,0.2218051693083492,556.142033901919,1695.1328368646004,2645.6136799009423,3743.839690848437,527.4581648782146,1700.789644424623,2668.6248009496458,3804.729989203782,-1.3591018657255027,-0.4286293457003844,0.7922887292321842,1092.423941441856,2175.4006498640665,1737.2507003806704,16.12889884179182,1085.8585958887331,16.116278920900314
data/Audio/P16.wav,490.008,214.46632221170992,31.49517822199973,10.544512008997902,0.0158873447723205,7.411748006848893e-05,0.008345304884728,0.0093658497459882,0.025035914654184,0.1543288463787775,1.400610965416654,0.0675238515788701,0.0950644619159091,0.155708596596384,0.2025715547366103,559.9063902730079,1694.2835447257614,2711.27728740096,3676.4683925710297,509.9882533378571,1682.9793202786836,2772.123841757008,3692.308486523496,-3.399961993463899,-0.057880401008796,0.6856569188886792,1060.7734110618796,2164.349975474261,1721.6203590778755,16.281314705870223,1077.7548768719862,16.237458419850526
data/Audio/P24.wav,363.984,204.4067393905448,36.002857478534914,10.600710561087276,0.0190822615070661,9.33938811629848e-05,0.0098596623576818,0.0111911198323709,0.0295789870730456,0.1562086802441538,1.4292252274049424,0.0672846268674947,0.0979541080910274,0.1623577415765295,0.2018538806024842,569.220775180191,1643.130358432218,2647.525711026043,3626.661128875133,528.2083976983894,1649.7506807801042,2750.4000589797506,3630.806316125808,-2.420043633133723,0.5509671995325512,0.5458985338578783,1034.1993061424728,2139.7913633960134,1717.5351830472734,16.313308639128547,1062.9786892337645,16.46317106565388
data/Audio/PP20.wav,228.0,194.01045917812368,58.38229189091777,13.70093219907281,0.0334444174245035,0.0001727802952326,0.0184378593989273,0.0190246342876753,0.0553135781967821,0.1736830484137199,1.5571507588361546,0.0899673978006169,0.1188292050789872,0.1647763412514002,0.2699021934018508,451.75925261315774,1698.1803410198331,2679.210022993075,3759.922983974614,409.2178215025261,1690.44238675676,2696.641551750563,3832.3153468032015,3.6425842774354784,2.267358723878844,0.1687406569371796,1141.0325084335584,2157.1542767032624,1635.1584512644488,17.279281076915133,1090.2371468606673,16.051553600417275
data/Audio/P5.wav,177.0,126.91800590212289,30.6620741695386,7.477489143672923,0.0242954735616677,0.0001920127405459,0.0131530912309937,0.0141464545843699,0.0394592736929813,0.1856111578417453,1.6142480064847982,0.0895841019151777,0.1225505776189961,0.202001249583369,0.2687523057455331,471.19786363164326,1485.3097645567318,2537.0793065692965,3427.7393015025327,457.81582470336,1462.3722275201396,2528.0540839971245,3383.719889185677,2.706435007531653,-0.8124035936401561,-1.338360617953451,975.301354827439,1957.9905063515755,1546.9717180933146,18.11748904099098,980.2676702749797,17.852266815135287
data/Audio/PP47.wav,166.992,126.59053157025572,30.69920892230216,8.768384221128406,0.0198437941760924,0.0001571519266843,0.0106481021900272,0.0113480318676353,0.0319443065700817,0.1815282341017114,1.5874146413116978,0.0894860036471414,0.1147798359161396,0.1700386060941136,0.2684580109414242,469.09377215865146,1527.5584282788025,2498.129427777954,3501.347086239936,454.64375727745767,1545.1511857276678,2488.282680504525,3479.660477808536,0.7981374028429259,-1.4615531665092647,-1.0540423114385298,1008.3389068436928,1991.934525329547,1570.4340379696696,17.85479153909253,997.36033480102,17.546316400773414
data/Audio/PP62.wav,402.0,198.921054014996,32.200921616395405,12.146389026405735,0.0152868477497935,7.685148500980006e-05,0.0078010446269809,0.0087443958774195,0.0234031338809427,0.1529838089946204,1.4056007577990803,0.0671571271316625,0.0961443496052368,0.1540466183283438,0.2014713813949875,575.0936329138544,1643.9255652420766,2598.1881196352697,3765.194815309956,549.7130236083347,1673.8421921478662,2691.878116272427,3880.3961347643,-3.6134074606197135,-0.2577759537549397,1.0339254218806253,1110.227703718655,2198.957366698232,1760.7410846576724,15.909235582193366,1099.842931542004,15.911362884757205
data/Audio/PP76.wav,382.968,172.39618962192517,43.1172571293201,6.989466466289447,0.0218970466997785,0.0001267667590078,0.0119015729019595,0.0126142121591359,0.0357047187058787,0.1833121926082491,1.602301259057892,0.0901289866168308,0.1187443391519959,0.170860672943435,0.2703869598504924,524.3287384248345,1664.0977438010711,2612.045540725157,3696.488502093038,498.3863290353062,1666.2534203240548,2617.231447919501,3750.079708181984,1.3513210927259556,-1.1776647618102074,0.3089298239821658,1083.8977930488927,2132.9877263652115,1689.652716589269,16.589922718864187,1067.4728996875922,16.393858809082243
data/Audio/P14.wav,246.0,190.0624513953431,42.96046530974657,9.946237758260503,0.0208595063294665,0.0001096277859217,0.011045713394309,0.011788915640373,0.033137140182927,0.1575169038651553,1.4406517930878997,0.0720171875417542,0.1000923808198053,0.1550464817950385,0.2160515626252627,543.2023762209508,1663.6963776140087,2631.252959031321,3726.2733140161536,499.8395868651796,1708.8059798813847,2644.023734820892,3706.143915798874,-1.678878326264292,0.7736020419957919,0.4232845490552741,1068.768109644565,2139.7033043415827,1700.8959939989677,16.485145307545245,1066.4138955049025,16.41013875922395
data/Audio/P35.wav,244.992,195.9427911613712,48.87893510592031,8.670510968087568,0.0163306512946645,8.318115189996571e-05,0.0087878425588997,0.0091640383231769,0.0263635276766993,0.1656071968610817,1.5023922707075612,0.0766135820446859,0.0990243814327776,0.1345127312200077,0.2298407461340577,567.0764631207455,1742.1874749379765,2658.593245198027,3695.5077288482994,540.3029796387027,1781.6977320276285,2725.2463993601223,3762.339436832296,-2.4231601175515234,-0.7019656357595443,1.153772211339618,1074.0121523978644,2202.396636964688,1772.4899637354704,15.815278729859887,1091.6191483416255,16.03123216241286
data/Audio/P17.wav,270.0,183.55499150294483,54.63737947132002,9.30443892097705,0.0156764963029242,8.540308193307049e-05,0.0082775131261334,0.0088243372233065,0.0248325393784004,0.1560858366326022,1.4216852683564711,0.0719674484643882,0.0940700044996576,0.1425502899631887,0.2159023453931647,535.3726219613512,1622.3410233981106,2666.4747957525788,3678.732198364965,492.0456035285293,1644.4581582108965,2694.3420630863875,3701.791337554923,-3.269883882130852,-0.2815380630156182,0.3064354300626438,1069.9152446754645,2133.1592905951843,1685.478481903345,16.63234575489388,1066.8968989637528,16.402709593586092
data/Audio/PP1.wav,180.336,123.32863424758352,22.59039250299297,9.492281009677242,0.0189941975756899,0.0001543185442387,0.0100893859682979,0.0108104103068557,0.0302681579048939,0.1689755377539657,1.5371238311436035,0.0767975330182789,0.1083597821259653,0.1860378016398433,0.2303925990548367,490.4855936208563,1566.7210031301688,2467.925021303383,3600.4127381355424,472.8037015893575,1581.1058735707957,2486.263611317906,3624.066243086738,-0.479609662560871,-0.7255015001890384,-0.6020777087057086,1050.4208471657937,2041.0598573911996,1611.00274449829,17.401629557441673,1024.1881685832961,17.0867039249309
data/Audio/PP57.wav,256.008,191.9803079137957,35.850680897271054,10.987998840331931,0.0233410488308954,0.0001214642709048,0.0123107828097905,0.013553309688152,0.0369323484293717,0.1643510849533976,1.5095109002786038,0.0741063185190708,0.1072213096522302,0.1892572452376422,0.2223189555572126,558.3626787483278,1709.1720623497486,2751.6521497436406,3775.585409080236,543.2568288345891,1753.7473503203291,2836.711211492116,3805.820454289097,-0.0153068263042816,0.5554002957596035,1.426865573725722,1087.521208484836,2234.8839612340325,1790.8487609416582,15.647767663185434,1110.2094789828534,15.762791014929064
data/Audio/P57.wav,324.0,190.007218695548,38.180941499033935,9.339337856812511,0.0243821510424409,0.0001280830715426,0.0128725708810605,0.0139290427081705,0.0386177126431816,0.1719277150233803,1.5511380098115524,0.0804929833147771,0.1138663707202526,0.1962175572358427,0.2414789499443314,568.2926083902677,1678.333155232244,2673.652129056841,3762.670498696636,539.5479471875226,1725.2356849991902,2766.105076993568,3866.9346881839256,1.098072892675872,0.0242033554742261,1.265926492703439,1109.1289136654675,2224.455849341052,1776.3498226491631,15.772118756844126,1109.8648382009621,15.76768575565171
data/Audio/PP4.wav,472.992,133.2113354850114,33.668344737439604,8.09991534270722,0.0239565356570793,0.000180435820279,0.0123729512775931,0.0137455222693464,0.0371188538327795,0.185183033913873,1.6069846082286672,0.0852508052939223,0.1186017178820349,0.1845611850145258,0.2557524158817671,506.638456591738,1527.7403183180547,2611.3061858711617,3457.2597932911704,490.5228022317491,1537.9216375006904,2650.50956520801,3427.4381201310007,1.841283270089424,-0.5473853269669787,-0.5724705218185536,978.9717726330838,2026.5980312678623,1617.9798235155931,17.32083773317272,1008.3071995640685,17.355821725329296
data/Audio/P45.wav,319.992,121.31425784431148,31.808635667772005,7.733106536300282,0.0227334364194492,0.000188060782267,0.0117186754630178,0.0135251599671174,0.0351560263890535,0.1795292025723371,1.5639084898095312,0.0793828116592405,0.1118914174498377,0.1773699856042569,0.2381484349777217,455.11355528929647,1579.736260059513,2485.089404685528,3454.731599123917,444.8322743447794,1584.7435601289812,2495.418290135309,3449.0962714137668,0.8367592841949132,-0.038533839403445,-1.038030499514536,1001.4213323563292,1993.522599005709,1569.4626647054547,17.88123382486165,995.7101977453484,17.575394968964254
data/Audio/PP42.wav,288.0,106.32035022255111,33.81803473440772,7.475113445112974,0.0239960539539848,0.0002261221564499,0.0124378500113064,0.0140379797435087,0.0373135500339193,0.1829118891180529,1.5949644601304005,0.0829014546308978,0.1181822223599394,0.1867917966376307,0.2487043638926935,473.94352634886405,1552.5439291497394,2551.3909288251043,3518.16832609154,460.0958202737464,1580.3728448661818,2585.9146518149305,3525.333447861639,1.8931018388272924,-0.1742688225391317,-0.61801621311176,1021.7458758626308,2037.9291912041244,1604.5585120631952,17.480150896546935,1019.2409940232957,17.169639077134708
data/Audio/PP79.wav,840.408,221.99656687367224,36.35536981617606,10.573699432396085,0.0175369056658401,7.904639650435218e-05,0.0089655585729766,0.0107114521137438,0.0268966757189299,0.1494630026175737,1.352918491128114,0.0605150193813792,0.0881943508964163,0.1529241048949675,0.1815450581441378,552.1091312191155,1711.1731423833112,2706.1885011819395,3722.2260791407057,522.365881754259,1738.7681919804654,2733.8030951904525,3806.214796397616,-3.879369229912471,1.1196927617957384,1.0217921691084637,1094.6163048811188,2200.287991330698,1753.3525671945004,15.985763923468602,1096.4568930578864,15.960499779607938
data/Audio/P74.wav,171.0,182.77447597256923,53.56164934991779,7.132610825593721,0.0313978161235134,0.0001714140408789,0.0165763533444795,0.0172467503383033,0.0497290600334386,0.1884794430365718,1.6474654085014613,0.0916145423990617,0.1219845028852425,0.1779351480367828,0.2748436271971852,528.2341194637526,1708.460376625148,2655.5344034622426,3696.447699992081,516.8699220164029,1714.3008787262772,2682.5896464822854,3733.139692814688,3.88246458030234,0.7624306482190579,0.6763363322471574,1072.0899235994282,2161.7250350099134,1725.934056231243,16.239289375286553,1076.3023485787971,16.259371749125947
data/Audio/PP34.wav,376.992,180.7185263723676,40.40230416879989,9.434321204042424,0.0255674342802261,0.0001413463310464,0.0134585202954416,0.0148482010867977,0.0403755608863248,0.1817302630065348,1.607342086649106,0.0850064812070959,0.1203458215051528,0.204322986620658,0.2550194436212879,512.4617751365274,1701.8823854249197,2653.584112766413,3774.963348286004,491.4938806535018,1698.625087699908,2672.004331875335,3838.802832934298,2.289518219963103,-0.3777593944885144,0.6374799270206457,1115.7696507602652,2175.2315332907606,1710.653906143759,16.396378297313078,1090.92882461119,16.041376490567153
data/Audio/PP11.wav,180.0,188.05409623790777,35.6515930501508,8.735313570491078,0.020878985173971,0.0001107402968249,0.0112832245309313,0.0117687741530486,0.033849673592794,0.1742838972698016,1.5568158980081517,0.0841251971936352,0.113537291868554,0.1751783202457754,0.2523755915809056,574.9372924468786,1723.4890080479188,2641.4182838751226,3765.45680112999,553.3831818881498,1706.471014681513,2696.4480090369725,3836.562010983265,0.3097958088407957,-0.8864302219510383,1.0823936026134533,1094.392943031705,2198.216054147475,1767.9288638035562,15.846078571006466,1095.4992940000097,15.974451189376891
data/Audio/P7.wav,270.0,119.96808645285869,31.52342886635055,8.750622086655321,0.0163684254327844,0.0001368643354399,0.0085063269548872,0.0095852209209701,0.0255189808646618,0.1689212294265952,1.4836234215123167,0.0783920398251677,0.1028247578970388,0.1539066282747889,0.2351761194755033,517.4792971554949,1551.7411272148306,2512.809563961222,3494.863743975033,497.8079080585316,1527.873879362466,2509.575442893688,3486.1589616904653,-1.7355734399247291,-0.9482604984523274,-0.7835668254405923,996.1170178773112,2005.3540480012875,1606.105927648555,17.44012653441187,1000.7718926773246,17.486502296924986
data/Audio/P15.wav,472.992,169.35820830328385,37.866355038570994,8.969827524724195,0.0195661245931753,0.0001152836721111,0.0102931917723743,0.0107158307905427,0.0308795753171229,0.1600186048317675,1.4652978484614707,0.0737739184494826,0.1006045351675159,0.1642137461806792,0.2213217553484478,528.0440097273323,1651.792915460764,2604.742924132864,3659.6627727530376,496.5405524625357,1633.616205887265,2631.1834008031474,3707.866575826576,-1.6151880244754075,0.1026367710441258,0.16677696092632,1070.4420077880134,2117.3016837448813,1677.2391600757014,16.709250574174355,1059.7231477363357,16.513747045519935
data/Audio/P62.wav,489.0,197.1473239978405,34.49812384261591,9.272431509519468,0.0197626163345803,0.0001001018989846,0.0103974120767091,0.0111866085667377,0.0311922362301273,0.1685836691284254,1.5265720677297594,0.0777664941233592,0.1101292865868372,0.1819582003659478,0.2332994823700776,577.8633700690539,1614.791432252311,2595.05561185735,3699.900224102556,551.0752696207444,1604.8853897185302,2647.5353613451703,3811.0721121392335,-0.5798659339604644,-0.7437280324541415,0.6276667269423534,1086.6656141728297,2153.64203320592,1728.367018339262,16.20768821126972,1078.1169769161147,16.23200485169767
data/Audio/P60.wav,408.984,196.44101033707128,34.86580811497527,10.106691116283184,0.0172107799849,8.767701184900165e-05,0.0090025215793137,0.0101613334067158,0.0270075647379411,0.1669752588427389,1.5023903000160663,0.0760754368243195,0.1065918285987694,0.1703263379129065,0.2282263104729587,575.6014584286185,1709.8731940482808,2660.012446362178,3667.069559630171,552.3397481917109,1694.5050189039157,2691.814894914336,3738.508204258851,-1.574121029958987,-1.0045497168335848,0.8638050680952812,1062.05615202238,2169.2919665672034,1751.8550595004117,15.99236592328954,1077.7258740306452,16.237895388509887
data/Audio/PP45.wav,225.0,124.6029175105394,33.34776536269888,7.932517476932904,0.0244868355188403,0.0001973397337089,0.0131583156691241,0.0153606830361881,0.0394749470073723,0.1858907226129131,1.611308481037206,0.0822495378562001,0.1190326595750542,0.1953957752685339,0.2467486135686005,449.8878854844018,1601.4360801701805,2446.479099206557,3477.736717364704,443.9927724617675,1606.3345541876563,2419.79334952254,3476.7098203352493,2.252491129181552,-0.0720195171410305,-1.1110531669597914,1010.905682624494,1986.7076241268032,1565.09122436639,17.936591881621506,992.8317124996233,17.626350749756735
data/Audio/PP67.wav,818.904,143.36638457548756,35.83654342912794,11.416897837150296,0.0180475297127148,0.0001266371214002,0.0091759965070222,0.0105118031222386,0.0275279895210667,0.1654350481691034,1.44137357401868,0.0698509000660232,0.098179215891471,0.1575667379498055,0.2095527001980696,477.0565986213746,1509.2224598450318,2494.604551601339,3591.5830197247133,468.4479772758686,1502.7793692824685,2508.1947284494904,3610.984511941001,-2.219496959221611,0.085740393593796,-0.8182951893302282,1047.5121782217109,2022.6016467372071,1589.043796442437,17.637823268476097,1018.9202693085175,17.175043550636442
data/Audio/P3.wav,474.0,123.54217251009013,52.40803406528868,5.23005952443936,0.0360282955403698,0.0002934566627282,0.0189425436978062,0.0203536390760635,0.0568276310934186,0.1972981657748959,1.6725486246524666,0.0918022235351341,0.1297423735188076,0.1885786909197541,0.2754066706054026,480.5218367243298,1507.490390390191,2494.156875271651,3372.022960016333,467.01999884898487,1503.429990061199,2497.1703088603053,3329.875423100132,6.000511794459962,1.860371155572653,-1.3327814651976235,954.2851414170492,1949.3739302176552,1554.439089931932,18.02745022779953,970.7687970246437,18.0269494174479
data/Audio/PP30.wav,226.992,202.65114701989145,42.64784151775706,6.790773462743676,0.0175794554617921,8.677095063460653e-05,0.0093660001528621,0.0099116897557357,0.0280980004585864,0.1685233693651349,1.484015158430961,0.0796675076000975,0.1049768027968548,0.160742034008185,0.2390025228002925,494.8569847186444,1713.6845962976304,2670.819365620814,3783.287864195753,470.161609876543,1706.4586686906505,2699.145608938017,3865.448680714034,-1.4878428428382309,-0.9781517255239202,0.6405281798521207,1131.7623569458303,2185.3036420548115,1700.95291193708,16.5119243727346,1098.6525339437337,15.928602956188369
data/Audio/PP50.wav,301.008,105.67968925103972,36.021297087387715,5.737687659846658,0.0273880485460391,0.000259251702219,0.0146819541445419,0.01629466419263,0.0440458624336257,0.18872646512588,1.652086175579711,0.0867573304103611,0.1228244929563493,0.2003721877317491,0.2602719912310833,506.5566153369313,1574.9668429939393,2576.559011007153,3533.245456953337,500.8557917291232,1565.512069359169,2593.408983791722,3529.647155258963,3.655897335121885,0.2309884100049118,-0.390965536593364,1009.5971211766132,2047.3560000347445,1636.789596714904,17.115118043854462,1020.7611191804281,17.14406992112983
data/Audio/PP8.wav,312.0,118.74726578527418,34.07169042045376,9.192042014562686,0.0236239527763668,0.0001995668077575,0.0120869159660411,0.0132898464304578,0.0362607478981233,0.1783989164087329,1.5586484683762625,0.0799046728873596,0.1149837740870261,0.1836260040558412,0.2397140186620789,457.16196640567017,1526.3320640067732,2571.262474797743,3744.354232396593,442.6997042716151,1564.7828057040342,2633.6489276447046,3842.646861643973,1.136093099525287,-0.0212543891090607,-0.1104422519521833,1133.3157191241191,2120.944574816081,1627.1886768270729,17.273012328540545,1076.2814474075012,16.259687502886184
data/Audio/P34.wav,394.992,182.931129743046,45.63907651548999,10.841059769155304,0.0206335304513933,0.0001127355899817,0.0110304463756936,0.0117162839391857,0.0330913391270808,0.1823626252496593,1.5911810746881103,0.0899986214921174,0.1196657033684096,0.1729213386403811,0.2699958644763522,522.2335568951978,1656.6606433517277,2607.533308284141,3622.803965149995,512.2262720023466,1635.5381030608032,2617.5416176032104,3679.5713250163535,0.9598095987481864,-1.598006368683578,0.1857230784238967,1055.7816843380024,2111.219329420678,1685.401337683082,16.623043823548336,1053.8939986741734,16.60508554182438
data/Audio/PP49.wav,525.0,119.92355299965207,26.85954110714698,9.34784109215009,0.0162513422274175,0.0001358671871249,0.008320572015268,0.0096167525080841,0.024961716045804,0.1579182154734824,1.440919538300642,0.0674617842309597,0.097739500871262,0.1595386785059441,0.2023853526928793,483.50555988753234,1574.2779298853789,2494.649522576835,3425.485705698584,474.7142646114708,1596.850859886259,2502.9669700515665,3428.466836284474,-2.7932542637024804,-0.0623846704205699,-0.8433948550035189,984.5841905576676,2000.7497327084427,1597.0294597686411,17.553782319401243,994.7468940123666,17.59241481962591
data/Audio/P48.wav,295.992,114.9047645753838,43.25111227740324,6.949973786733273,0.0332518803759118,0.0002904120948748,0.0178109395017468,0.0194618900590958,0.0534328185052406,0.2013700021386999,1.7201510028937168,0.0957464511839328,0.1302743613033553,0.1848800436880486,0.2872393535517985,427.03158825001634,1495.6942063801534,2403.3613722807404,3477.701671634345,413.3143908989367,1483.358211836672,2374.8987655028004,3443.42035369327,5.9403260619407945,0.9398373796409956,-1.7991915422245932,1010.0353209314444,1928.74793048292,1496.374944732676,18.769010478619876,972.4244126137107,17.99625736766829
data/Audio/PP48.wav,226.008,133.6185499875031,44.90992918192286,8.003503060111766,0.0241461975904252,0.0001818376648461,0.0125084501170612,0.0141735249630748,0.0375253503511838,0.1819105531940114,1.563097240897889,0.082777703955705,0.1141968916695734,0.1804223160561344,0.2483331118671152,465.3527789111637,1471.8102526954062,2379.2703430419883,3444.397731453741,460.6123894797984,1473.105393394355,2364.0807708723337,3424.2041753170206,1.4346638201791708,-0.0208306071418461,-1.6030706372932269,987.8639286124074,1930.5006822658768,1530.903618214356,18.302363071405637,968.3276583629447,18.0723950708849
data/Audio/PP58.wav,219.984,205.706852727518,40.21456271005537,11.73070173580276,0.0274666423041168,0.0001331145020277,0.0149020813580617,0.015276659791645,0.0447062440741853,0.1713553035121002,1.554791514126136,0.0868627166218352,0.115541065272269,0.1653898281684371,0.2605881498655057,513.1266923217777,1725.891614410387,2699.4929751204486,3752.897574664684,477.2785717175154,1714.216540531446,2704.2261351759653,3780.5805990631497,1.8073080830472803,0.798118042531662,0.5709777467218268,1101.1006757818782,2169.0754616220192,1700.6297853966933,16.50645567687629,1085.8362633960412,16.116610385867318
data/Audio/PP3.wav,574.992,108.89874354578316,42.7021941121214,6.161183530009572,0.0303655953154059,0.0002798128408883,0.0160207155117612,0.0177302160326344,0.0480621465352836,0.1925298830583499,1.645560838554215,0.0889703870957595,0.1303478010806149,0.2121030086392895,0.2669111612872785,476.0793495316843,1481.0440640694324,2535.398572689301,3452.585206318405,469.4124106479254,1490.9584751674831,2562.40494516863,3446.656664560088,4.8177149754904365,0.5082687926449507,-1.0014790115322578,992.4147513040542,1992.358123886032,1576.763201373824,17.772774512537527,997.1645050931938,17.549762261508164
data/Audio/P50.wav,382.992,104.13052416010548,42.05723921917422,8.182760085552474,0.0242183028132709,0.0002337232343348,0.0125265452478295,0.0142038890234112,0.0375796357434887,0.1794502461306367,1.5581186212780456,0.0814951695119178,0.1129700714910677,0.1662963512250915,0.2444855085357536,500.8196232206543,1522.442405235731,2537.620894253043,3466.551251094448,501.8999456417474,1507.1128885521798,2554.0483188754124,3462.8607622571126,1.324968636858267,0.4547313804182687,-0.7537281767669477,986.9869388717884,2006.480478831613,1608.2618786261328,17.417129363782102,1000.7977509875032,17.486050485957296
data/Audio/P79.wav,424.008,221.3562932655765,30.34426355654508,12.99651762415646,0.0172449898278821,7.796438598456953e-05,0.0089354834898006,0.0100878865833924,0.0268064504694018,0.1478111533657581,1.3629536070455426,0.0618801517037298,0.0889541399254724,0.1457000203021106,0.1856404551111894,529.7760096475821,1723.4579035212266,2743.644972250885,3785.858323052156,479.65450783150425,1746.537658013801,2770.244397018823,3878.1489570007657,-3.9650169515765055,1.005269229601398,0.996098490650814,1132.8314830564204,2218.646379966224,1732.0573344815891,16.21462016974305,1112.322194427914,15.732851585327348
data/Audio/PP10.wav,237.96,113.982266618821,27.98312395421998,9.600959705263158,0.0191680613760538,0.0001686850698352,0.0099717193076935,0.0113098662664707,0.0299151579230807,0.1668365836328853,1.5184687866603583,0.0713736349394551,0.1029884215769884,0.1816062852598179,0.2141209048183655,446.0210745905415,1506.4125279581997,2421.059671169612,3361.6052018328105,429.4909271026199,1503.9802469709064,2423.1423028153326,3296.684273801094,-0.9779596673748552,-0.0931134545581541,-1.784522280785616,955.731115566158,1913.3244376724883,1507.1729830324675,18.615246375440734,955.5698356833253,18.313679802885154
data/Audio/P69.wav,313.992,115.82631293697148,53.52499705563999,6.496517195780626,0.0319305825436394,0.000277887073215,0.016873251099312,0.0181522538134592,0.050619753297936,0.1836102446079139,1.6116405538712977,0.0838603680420799,0.1144142596827233,0.1902721930416421,0.2515811041262397,481.05307568378566,1541.7740533589188,2424.668178549198,3631.470977269176,476.4184376426153,1536.8549203018042,2415.9222974508857,3646.6361003067886,3.868757451086021,1.916036829895657,-0.8286603544204036,1056.7392208880578,2018.9579389255236,1593.6729651237836,17.58796814053881,1016.5011282845232,17.215917929706094
data/Audio/PP12.wav,187.008,199.01734324495249,36.69536356566183,11.130201493091086,0.0226489927138453,0.0001138157615611,0.0121218084964887,0.0129820524052082,0.0363654254894662,0.1541287704190659,1.4502710629067013,0.0697414642367968,0.0958907792367727,0.1615241835334706,0.2092243927103904,524.0845414247323,1555.969871836495,2467.955068442198,3543.7146473526955,510.7220115009811,1552.3819835160057,2485.3780200267,3531.216711917956,-1.4281398935395495,1.4568991524973065,-0.6168394524927869,1006.8315668056584,2019.924681740411,1624.1457443721713,17.247589553050606,1007.4589296573378,17.370435146127686
data/Audio/P85.wav,361.008,119.44924612751788,38.28845838883205,8.711652309622364,0.0241599542945989,0.0002027963258594,0.0126221974606512,0.0138050295420835,0.0378665923819537,0.1864597353688957,1.60977681147287,0.086485530124022,0.1182504508518514,0.1887280024574083,0.2594565903720661,492.9058532694463,1546.3576781122465,2513.485883423057,3613.156965180556,493.7316942191058,1559.0626465232458,2519.738286654833,3661.634222895014,2.1580337917138794,-0.5381632836273659,-0.3962903027934986,1055.967509558636,2058.5417125730496,1632.473881964364,17.162408492674913,1033.3583482697168,16.935073906648622
data/Audio/PP14.wav,244.992,194.81971917248552,42.908410973272375,10.072705716858446,0.0230419404160327,0.0001182547348823,0.0121349984316498,0.0133717645687393,0.0364049952949496,0.1648884304135338,1.512465061094742,0.0734158621404986,0.1050248436945992,0.1778660875930773,0.2202475864214959,537.3720577335637,1634.1328950330476,2593.1050138817227,3677.000497329799,503.1432256913523,1634.8223849949068,2615.626512386244,3705.676475306681,-0.3211832040429102,0.6602596395616119,0.1697384597819428,1067.5110832051096,2114.8171495947963,1680.3562249293457,16.67563867744697,1057.749482613192,16.54456020792928
data/Audio/P81.wav,235.008,220.2312074004089,44.96128537782512,9.127281993918116,0.0239193645090932,0.0001083385769346,0.0128324100187302,0.0135652163143382,0.0384972300561906,0.1630740456994389,1.4916618497962966,0.0757815740126642,0.1051245006105562,0.1714923700578068,0.2273447220379925,568.7864453792329,1662.23170145651,2625.4245125330617,3726.093295847565,544.8701408940362,1689.5738937061412,2647.3123644084485,3826.154024117625,-0.2020775705630522,0.8760572054975143,0.8523432613456485,1093.7612944078628,2176.9776057815625,1747.4689153544716,16.032442726588304,1086.5055193542398,16.10668302025843
data/Audio/PP35.wav,205.992,212.4839600120983,34.29952549240063,10.60193750678354,0.013559285553073,6.385548993619359e-05,0.0071127164046572,0.0078790453493624,0.0213381492139717,0.1436485373034997,1.3126598493993102,0.0633588064458255,0.0832337810685117,0.1328860113901817,0.1900764193374766,615.8495844915572,1705.3343167348005,2646.498138124703,3740.405006083934,602.4077997780385,1728.3140537497825,2728.8407339087057,3803.52728594841,-5.224747988359707,0.4050623293734296,1.4551009226320333,1067.0398287234573,2215.7724683462343,1813.0905456823496,15.462294625971857,1096.577253147852,15.958747958490132
data/Audio/PP71.wav,408.0,218.24218961541192,38.59191030842004,7.080138639173948,0.0125884791208721,5.755582813888597e-05,0.0064355281706352,0.0069495302026996,0.0193065845119056,0.1224746071392669,1.1163674346141006,0.0541434866393141,0.0700113378447653,0.0991896934750509,0.1624304599179425,565.4512338076805,1480.6001018377187,2560.3030945783794,3619.900683919736,547.2340904633826,1497.4564322534277,2613.171187047948,3645.204437921712,-7.776660619283892,2.011960662512532,-0.059528678442706,1032.6567824861097,2075.766536921617,1671.4918864472795,16.766058737848425,1038.6164378075093,16.84933856519931
data/Audio/PP21.wav,268.008,205.8772651762773,35.94000540737827,9.169376181494233,0.0201707478466954,9.78479447249947e-05,0.0108542913410876,0.0115366734297639,0.0325628740232629,0.1644093175811275,1.495850084548588,0.0793293087468643,0.1064820991604053,0.1597926632295418,0.2379879262405929,564.3667375662874,1677.5814873143838,2653.2532038030954,3591.8880758864257,524.9354714025687,1681.5157465116692,2685.436203328436,3546.1295593333207,-0.9020909654803432,-0.2158416171197321,0.3188886103246082,1007.0646959769174,2109.5042451439986,1702.7232816979335,16.46089096116956,1043.3231105455477,16.77332728769839
data/Audio/P59.wav,184.992,221.386445843263,38.04378596120589,10.646491171690249,0.0206265704986122,9.314608315087063e-05,0.0108414129041168,0.0123343280410567,0.0325242387123505,0.1561017722582527,1.443387339014202,0.0692991538815401,0.097055074930824,0.1514309662228663,0.2078974616446204,542.7402397994086,1714.0244807086478,2656.8280567315164,3702.934612531716,514.1563270602403,1728.8828918726522,2702.7097254269265,3700.541518728332,-2.0526017767471965,0.9973275969282056,0.6916368046384351,1062.1283972226972,2161.572615772038,1726.7575426044582,16.235118650463342,1074.2415300216942,16.290563631110583
data/Audio/PP85.wav,626.712,118.07894408279957,29.543964170404795,9.123645057559202,0.0170883143672267,0.0001450044941503,0.0086540977232022,0.0099561018264612,0.0259622931696068,0.17164634889055,1.482657254484808,0.0784901420503928,0.1082771016183133,0.1611666775247727,0.2354704261511786,490.5924485061435,1461.546459261195,2485.059420779048,3514.7589998558665,476.2827381877783,1470.5020489724047,2501.674793856192,3530.371262877475,-1.317436815441324,-1.033716295571642,-1.0149672134829897,1018.029508229899,1994.7077109734628,1577.0498699940067,17.76505527383746,1002.5895641554353,17.454799676417647
data/Audio/P6.wav,436.992,109.67779398726404,24.9705293991636,8.126741625289489,0.0185628889996781,0.0001693343386739,0.0095715160644242,0.0103165061758609,0.0287145481932726,0.1864397698633955,1.6401052218508048,0.0891477251554565,0.1190690541675039,0.1875650247371197,0.2674431754663695,506.8444813015549,1556.5165595890312,2620.974151779788,3565.3977792368496,479.0011017564796,1529.5014592019943,2615.55726369361,3548.6893128415136,1.034954770076474,-2.330240327054154,-0.5380825123585473,1023.2294036950112,2043.1872843733995,1614.8405814157668,17.354091748448997,1023.4789758981216,17.098543704469776
data/Audio/PP61.wav,183.984,216.7800316667698,31.249999533809763,3.176549144875016,0.0158858100409114,7.302724421056898e-05,0.0084923011883311,0.0084592607271052,0.0254769035649933,0.1236412358947059,1.1325502896703947,0.0549831408194264,0.0727925283042524,0.1086050436244406,0.1649494224582794,543.6227463352194,1703.4197198744716,2741.55373031657,3749.294024557276,527.1024894038319,1720.3595861829358,2762.506550464428,3758.1800507097255,-6.682461371977514,2.6511593731878573,0.9829990635855675,1077.0258537686311,2192.03716919023,1751.6559136425412,15.998368473150144,1090.666056077211,16.045241256468636
data/Audio/P78.wav,169.992,184.650451584991,33.27435019979603,9.18783595708178,0.0207480317382589,0.0001121211604039,0.0113294956788677,0.0119635105739914,0.0339884870366033,0.1711930354121123,1.5432276352498349,0.078625102384722,0.1105740856145272,0.1824745065622608,0.2358753071541661,528.2777465100826,1702.3305708405271,2627.4493800698856,3709.777645097769,495.5984196838288,1713.7757746964564,2622.773034748951,3737.6838171570935,-0.054995694032884,-0.4838792291818154,0.416539560457722,1080.695132491088,2142.4577615715825,1698.6808688557512,16.51011296594296,1069.394705657562,16.364397455324404
data/Audio/P27.wav,198.984,178.69930658887432,37.82062550112507,8.770197894389916,0.0211321684752916,0.0001180133462517,0.0112640818914877,0.0116814619697992,0.0337922456744633,0.1802858880974023,1.5774405793684143,0.0883390022345098,0.1181097531515692,0.1780873847911577,0.2650170067035294,531.8138654076743,1709.3341823356147,2552.113006942968,3605.7205399293503,491.7768725302605,1734.2753234180009,2586.819969153671,3605.501250318004,0.9093288106188494,-1.367402606707939,0.1406951801312708,1037.908125929248,2104.5933538549843,1679.401358604311,16.707303416445775,1044.4574152566345,16.755111069511685
data/Audio/P66.wav,463.992,120.0141079029698,33.82326809726138,7.550625760966639,0.0258514895548434,0.0002163056068749,0.0138487268194296,0.0153777023324774,0.041546180458289,0.1886363407605167,1.6396937599010544,0.0867017664218911,0.1154880557417705,0.1651327842371265,0.2601052992656733,482.0187592492037,1507.5454765744544,2507.3711011859127,3645.65748754136,466.5742618363277,1515.944559035089,2472.804440438294,3641.265771538221,2.453954565620102,0.2754126511895371,-0.8230024891576426,1058.2305032339643,2024.147258211983,1588.589039215698,17.645796601750963,1020.6497748071574,17.145940196093676
data/Audio/PP69.wav,319.992,102.7446129660954,43.48172381823011,8.209484703394143,0.030872172338446,0.0003023867993396,0.0161552785450929,0.0169477310861812,0.0484658356352787,0.1893310319619498,1.645104325472608,0.0888827364134813,0.1193915706296463,0.1768872757686266,0.2666482092404439,471.180057155932,1567.5660215841424,2415.547691182073,3615.306192784074,452.8724418546567,1563.399991767043,2403.353712426049,3607.95527595744,4.107080760821197,1.214304684948647,-0.9908879383189722,1051.694278034261,2006.8953555012968,1574.0959781760655,17.822886585504108,1009.8935216901931,17.328559520523896
data/Audio/PP83.wav,408.0,214.2530599567073,46.28689509016556,11.140475931636294,0.0204136731447279,9.49794974392383e-05,0.0110900343562896,0.0118759097268145,0.0332701030688689,0.1627776137518156,1.4855768911926333,0.0759220484419579,0.1037889700117663,0.1613909158500724,0.2277661453258739,556.1518327551992,1707.8760159363562,2614.92087332086,3770.330883875864,527.6650683312721,1727.2972268572044,2628.262343271412,3852.1963763973968,-1.125526039971435,0.165238586214638,0.8551997482271183,1108.177102688708,2183.8552537143214,1742.9127136632665,16.081410184355242,1090.8629309533742,16.04234547112683
data/Audio/P53.wav,229.992,163.17187096576066,37.05265379684184,9.847100979137188,0.0245991822581798,0.0001508681782459,0.0129637866652296,0.0136113281471484,0.0388913599956888,0.1908893684730655,1.660218913162174,0.0951909825622416,0.1278974710745167,0.1931807522123,0.285572947686725,483.8417545503294,1615.7274173513308,2534.379377769136,3668.242743584435,470.21074297193707,1603.1520261882338,2542.880935905764,3675.246115427056,3.018072331496509,-1.5441580207031382,-0.3367547549506029,1068.3451241517062,2072.872455123248,1629.1832155212148,17.213279019749947,1040.9712930727346,16.811222476984522
data/Audio/PP32.wav,267.0,179.47492556197616,31.931096411701542,9.868016191375666,0.0200209969155022,0.0001115354228074,0.0100737140909733,0.011537910481222,0.03022114227292,0.170413829691695,1.5095592538270564,0.0735547690763936,0.1045870211543783,0.1740418656163172,0.2206643072291808,500.0035780760856,1611.5205312407572,2502.2217580735414,3530.0192728709644,480.8722835912003,1607.8887955562689,2511.0239889978807,3523.268914406468,-1.0394333281733534,-0.2697988135866559,-0.5944385863697341,1014.132210271756,2030.7634956379543,1617.2255805238717,17.332362561344976,1012.4414527641592,17.284950109679574
data/Audio/PP80.wav,493.056,223.1088999148619,32.45586583652867,11.955483072762677,0.0139831319642771,6.271328710833021e-05,0.0070955474532956,0.0081808478502497,0.021286642359887,0.1393275162705077,1.282156952857196,0.0590659359447691,0.0838369722372649,0.1319775201715458,0.1771978078343073,551.4619957080527,1629.5791508843793,2537.036472659122,3684.0732641198847,527.1330827716355,1624.2455626109036,2567.970612281284,3705.963020779276,-5.599643637579617,0.8425834037802755,0.1734716523043741,1059.60997933588,2106.328069610775,1689.5294771065965,16.58119762227632,1051.939618511088,16.63593583895
data/Audio/PP6.wav,522.0,110.96951435402164,21.37046399196902,10.697916968309327,0.0191797936862573,0.0001728896135137,0.010329401635875,0.011149190308912,0.0309882049076252,0.19143803461037,1.668096374770922,0.0948841684261019,0.1251873625306944,0.2042059932100224,0.2846525052783059,505.9307593742463,1605.5763131555757,2641.1682633380465,3707.515990167397,490.0930166101168,1615.1986284907252,2656.009237546392,3761.0897254914175,2.1826446246367137,-2.789487576019462,0.2257524463744983,1090.332236293767,2130.597652034663,1676.9184063217376,16.71571998496148,1070.0800754346233,16.353916311255684
data/Audio/PP52.wav,385.008,108.4803452421244,26.931570580246813,7.323870273849343,0.0203481145664213,0.0001878516536493,0.0108935654673217,0.0118404872231641,0.0326806964019652,0.1845187756146085,1.6111691644268302,0.0884920484671208,0.1191236717464448,0.1814967358873933,0.2654761454013624,485.6199947926918,1539.2774351255243,2498.425690771338,3594.1288582582,465.4145599539124,1555.7436177696438,2502.541535482496,3592.363851196689,1.3766588095346344,-1.4793624554986688,-0.7336381630094636,1042.316430414259,2029.0158911006852,1597.2941510652602,17.55142132086216,1018.85476307267,17.17614780267932
data/Audio/PP7.wav,190.008,126.87543949023473,29.031914478986007,8.017026224047523,0.023542055838319,0.000185879049675,0.0127303606741818,0.0138703017653998,0.0381910820225455,0.1903159455064154,1.643385063270081,0.091511417396794,0.1238272502568118,0.1874676147282587,0.2745342521903821,508.1118974724666,1584.7175782282495,2536.6248884851925,3564.29284672879,485.2423306362346,1603.9488852887985,2523.02748776429,3569.6715259257603,2.652469018323235,-1.1229029566491942,-0.4718376207975364,1028.1430650965085,2045.472557403771,1627.1397707602994,17.22420143720226,1021.4268358762953,17.13289624409224
data/Audio/PP16.wav,433.008,202.4575129101639,41.59943997143394,9.184071883304895,0.0223317735734444,0.0001100403184444,0.011791320484111,0.0124561641955546,0.035373961452333,0.1702216939531214,1.537337144788171,0.079634498938969,0.1135135855622657,0.1859166261063379,0.2389034968169071,562.5732015349365,1680.4451923802026,2641.78365804162,3647.494238002578,551.2846934259559,1688.571745923884,2699.235450513276,3719.780532731136,0.2942291866877414,-0.351943870299793,0.8260446369772383,1056.1652797683937,2164.718105648564,1748.490933569745,16.023004465533397,1075.039069354332,16.278478149180653
data/Audio/P22.wav,403.008,160.74357437711484,56.42059064624308,7.040566496172493,0.0291425978682941,0.0001812194292545,0.0154825253711241,0.0160668348120764,0.0464475761133724,0.1816701211846492,1.607906343509519,0.0878803498219861,0.1194982736817845,0.1919630198416502,0.2636410494659585,506.3278280500699,1628.7162159364343,2606.266197679752,3746.326368240985,477.942753351871,1601.2606206186854,2626.6615232449667,3776.084385659524,3.151325845710841,0.5656359364231422,0.0717427696129078,1099.3805441025509,2120.4873207187616,1659.8579656402237,16.894398982862455,1067.8005459773672,16.388828481055043
data/Audio/P63.wav,409.992,104.58917054786411,32.546518256762866,10.06070862015923,0.0262852863990667,0.0002515836367722,0.0140391609731249,0.0151119008768879,0.0421174829193747,0.1719514378974034,1.550990815489943,0.0821779296705535,0.1095398276282598,0.1796537835262352,0.2465337890116605,489.1813104066392,1565.9493996314125,2538.4313146976588,3535.343270921472,466.287453458697,1581.1242297529502,2547.8668589124554,3524.159006067387,1.866736220459981,1.1026751588765604,-0.6692764676383669,1019.29051753623,2029.8593870478724,1604.0318489679007,17.47965490713191,1014.7168447559889,17.246190491898517
data/Audio/P33.wav,306.0,174.01377744151876,36.7382177949717,7.667959009162087,0.0208634623836837,0.0001201392973989,0.0106945470482291,0.0124421772729473,0.0320836411446873,0.1708644118133212,1.4976690384607585,0.0744105425862961,0.1043960564662664,0.1658303269769553,0.2232316277588883,509.4897516082241,1620.770948845581,2573.77568641497,3583.556981022913,488.95660516827377,1627.1307937343113,2607.862173132289,3601.959857738008,-0.8394975807310511,0.1242076715333784,-0.1324949474346495,1037.667750856578,2081.4773574432206,1653.4043323005912,16.95219136123395,1038.6518775285406,16.848763650859645
data/Audio/P77.wav,241.008,217.6365687647588,46.681413990930494,9.851933389306591,0.0198869020553861,9.10815960839089e-05,0.0104970463474479,0.0112997967452254,0.0314911390423439,0.147764111736357,1.408835501497384,0.0663103221570681,0.0942220236222503,0.1615831674176665,0.1989309664712044,595.6162208613928,1696.0043240972605,2729.040454883506,3698.291656942007,567.3052626035756,1697.4318799417726,2774.587773384228,3744.478245338917,-2.6274598688584727,1.067411647682588,1.163949845338601,1059.0576609117804,2195.9507903171234,1778.4830755315627,15.75346505301734,1089.1401782552964,16.067720527979613
data/Audio/P70.wav,153.0,228.16211241895056,43.148872913502096,11.330519963266456,0.022862522834388,9.986331338608076e-05,0.0124731761634741,0.0131490972026367,0.0374195284904225,0.1640056840812709,1.4988964115915084,0.0815738145760707,0.1067707294994492,0.1510179431424638,0.2447214437282122,579.9794593602516,1767.5749489774676,2670.735913126945,3765.847391348851,522.130840748277,1758.3187773675722,2708.743227921653,3860.4790396273047,-0.2623139743558282,0.4808200627020362,1.1098388451911927,1112.782732959676,2212.417971416202,1760.2384343509923,15.92614837141183,1103.908490234533,15.852763299503208
data/Audio/P20.wav,234.0,200.40859344476925,46.880651129455046,15.674437270289094,0.0198767893240189,9.91302669846534e-05,0.0108264873956278,0.0112610675972703,0.0324794621868834,0.1503019420323036,1.3974608755037408,0.0739014202907598,0.0938062796489612,0.1347043002380433,0.2217042608722795,505.4626933824679,1643.8815679543482,2693.313104206157,3737.380151000312,457.41197275198334,1643.195073365536,2739.035613627087,3771.337987561101,-2.4381693268229485,1.0195398221900287,0.3188988656350131,1104.6420049363726,2152.7451618264267,1669.2540812706966,16.829508533914332,1082.893837474089,16.160402242956465
data/Audio/P43.wav,222.0,102.26988739854824,35.43587263034373,6.065552893203875,0.0281887667178347,0.0002771398033268,0.0146265303887656,0.0155488117470856,0.043879591166297,0.1832491091538399,1.5865503017389382,0.0843700157913792,0.1157399131651398,0.1790417130942769,0.2531100473741376,490.3149925003467,1525.4246514405622,2426.158817646086,3598.160272384038,463.196743303316,1512.0322155396618,2432.779271258589,3632.1688820340223,2.8210818903281334,0.9919340627001176,-0.9626849293070444,1056.3240462435688,2010.0442780338967,1577.2437691838722,17.77448792605528,1014.0088552488904,17.258231927081734
data/Audio/PP44.wav,474.0,158.84145456331177,82.49220604401197,7.577321278348185,0.0451569588672636,0.0002891962797694,0.0239860508758093,0.0271545823270188,0.071958152627428,0.2131865856236104,1.7649149097073322,0.1016923204622601,0.1371230387122155,0.2033752078979167,0.3050769613867805,412.7528926573378,1611.5675567659127,2470.510717971967,3565.6369313605665,392.3069078661417,1614.8532240168306,2442.724521295961,3553.441393693965,9.592407188072146,3.03664588215084,-1.211469696469104,1053.7114952759412,2000.8315117182249,1531.336608070022,18.426613546196634,1007.7280700536712,17.36579591264929
data/Audio/P37.wav,249.984,189.3431678744037,44.40657487039273,10.288101873391849,0.019646526326617,0.0001036229402224,0.0103961840303362,0.0110318362808374,0.0311885520910088,0.1577227722402879,1.4283378233676003,0.071651087580483,0.0973650266870066,0.1473525379892168,0.214953262741449,542.2590886221044,1644.461176697458,2579.48961578796,3535.2153195451315,515.5766020663722,1653.232119441982,2657.698414810553,3537.851614638002,-2.18547584334913,0.6281340174929438,0.1053429387030918,1007.4250041905432,2091.0896877392274,1682.550416050486,16.65591421281233,1036.3982461169307,16.885401017965037
data/Audio/P55.wav,183.984,175.7304601322294,33.674853277099565,9.3923983834188,0.018632231954126,0.0001058680773627,0.0099590078887854,0.0104294101813921,0.0298770236663563,0.1872613568127782,1.6344395090930357,0.0933565991178377,0.1258720535691739,0.1960488716748235,0.2800697973535131,557.4213778759563,1609.2372225578958,2619.2874328529765,3638.6906160683984,530.8228844019388,1600.818200559902,2609.464697922749,3670.800623964076,1.3585038167001546,-2.891756053886439,0.1661932533609997,1046.6592465207125,2102.9766017121665,1689.0829124412312,16.583332366302432,1049.4334605581887,16.675664210946575
data/Audio/PP33.wav,310.992,216.571809450292,41.51636085113915,10.28517484728074,0.0204744841610677,9.450662910209016e-05,0.0107279154150244,0.0119174000997202,0.0321837462450734,0.159939737334715,1.4738100154010954,0.0693907974454357,0.1002488923110254,0.1660265637020802,0.2081723923363072,584.7136519273321,1757.9351522460852,2670.6126306742526,3771.8702744260177,558.5498299399699,1770.7597605821554,2716.10151796601,3871.772662259025,-1.6815868721675835,0.5567780911608301,1.3988078781825477,1104.4076107730182,2229.29594268679,1795.847084284982,15.604246305324146,1108.4225080316585,15.788203391030533
data/Audio/P13.wav,294.0,182.8519360698183,41.577345079894485,10.538508531983313,0.0223065255012121,0.0001215641568636,0.0119972001107259,0.0119316152453358,0.0359916003321778,0.1703143096364294,1.5312464192341328,0.086203746650653,0.1110888688541953,0.1591754484194765,0.258611239951959,488.3958889489656,1690.2113834380673,2636.272989254845,3775.665556710744,464.7901382000063,1740.7700848390832,2656.798165946825,3831.363317889318,0.292129902307313,-0.3528568023901143,0.5473805450615672,1122.191059896437,2173.430426718808,1694.055189390022,16.589725047778984,1090.2532011351573,16.051317236931045
data/Audio/PP86.wav,606.168,131.0760644696125,27.66831894139017,9.477953427922325,0.021353928916234,0.0001636129595876,0.011276127064439,0.0129208466693102,0.033828381193317,0.1775523540418072,1.555104390761527,0.0778353442923345,0.1097677674443878,0.1714455863583818,0.2335060328770036,483.436075054913,1449.9941834483643,2517.0452749095107,3513.04181890074,474.8589503625966,1422.4604676295944,2536.0477093290897,3512.41923064034,0.229968638508449,-0.1261919305818395,-1.108560787735951,1012.5200934259144,1986.446589490405,1566.1817169372334,17.892460097147385,1000.2241312947431,17.496078581254658
data/Audio/P8.wav,316.992,125.02193572515591,45.53725900361359,7.305713539984164,0.0257882891536749,0.0002075160347953,0.0133540544624237,0.0147509746919478,0.0400621633872712,0.1839912891232366,1.589060745684575,0.0834747931551209,0.1181203950727681,0.1893827679718448,0.2504243794653628,444.23803902579823,1511.2272045907662,2583.23830773663,3652.890020214157,432.04962073906654,1508.6229564047414,2611.0955902259643,3674.901524896924,2.220893064935252,0.112894956506571,-0.6710107866128898,1080.9506347192855,2056.667423066674,1581.4144557236775,17.7687023181558,1041.3739789371805,16.804721794431995
data/Audio/P32.wav,357.0,215.0852503428293,39.70753366160594,11.154464101521755,0.0192516372838579,8.941292297589334e-05,0.0100299116507926,0.0109888194840862,0.030089734952378,0.1501784185902155,1.423245543098169,0.0637955389948692,0.0942104978268703,0.163109318645247,0.1913866169846078,599.1203799286745,1761.1254410711151,2696.6655588235794,3790.232494730036,556.9291981852241,1787.975766399085,2777.6355123783587,3901.386893026304,-2.82843767008563,0.9369302636954122,1.6308901870366823,1114.819231613693,2255.9818424972427,1812.441396700738,15.460728059837399,1121.8748169156763,15.598888339531518
data/Audio/P42.wav,496.992,102.9477604385523,29.602081867191604,7.457247008641744,0.0244301719922963,0.0002380962814334,0.012931566113442,0.0145300535690154,0.038794698340326,0.1849743661527581,1.61761538096059,0.0835747697293215,0.1188093596555345,0.1982830917332395,0.2507243091879645,462.1886748528796,1524.3706657963107,2522.9330607970187,3511.222514799742,451.8274207347835,1531.749721282904,2555.821497417207,3532.767084891501,2.421623995428236,-0.2035087501606211,-0.8603462992844367,1026.9798880522392,2018.0414310815984,1581.0713881731706,17.739633413741625,1013.2274682359532,17.271541236902912
data/Audio/P56.wav,351.0,200.4405317428332,44.216871866925786,12.765733413476136,0.0209571271420678,0.0001044347846071,0.0114046202985788,0.0117322811683199,0.0342138608957364,0.1722566865859617,1.5598393330355376,0.0860830420650369,0.1145972465100098,0.1740314850337136,0.2582491261951108,540.0385277416151,1698.777127834967,2625.5675249514675,3659.210392346258,533.0459761331146,1695.00625946667,2661.896117095371,3691.550813989105,0.3993141830375732,-0.9755606841311976,0.5998035708304725,1052.8349459519968,2145.374791671065,1726.171660569758,16.232339578595955,1065.914310426993,16.417830053327364
data/Audio/PP25.wav,463.992,190.1522347202321,52.70548331520301,8.55278089020803,0.0265504682484754,0.0001388873486339,0.0137419395197885,0.0146801514157826,0.0412258185593655,0.1737864549212099,1.5399197841426795,0.0780768612819994,0.1108382609401878,0.1855627642264751,0.2342305838459981,536.3039255663699,1703.9137349379102,2675.61406235319,3710.088531205614,511.0227871169016,1681.136871457788,2739.8683858230447,3765.4688217522817,1.1524355727135525,0.7995706836306453,0.7372693701691039,1084.81534487846,2174.3742165375043,1725.4326992047231,16.24277819742889,1086.0013591159873,16.114160312142815
data/Audio/P73.wav,211.992,178.0718787397587,42.03202539548813,8.601611841592039,0.0198081812256413,0.0001108579884787,0.0106006951132904,0.0110985032961839,0.0318020853398713,0.1690659842931683,1.5327786856956518,0.0804367339079362,0.1093019837170219,0.1728654209565491,0.2413102017238087,564.1850751259509,1744.3646309784203,2610.339776747388,3678.4682648846815,536.9160905048866,1734.9226954404448,2645.6365223779494,3790.6818813504938,-0.4553627338440105,-0.730259737427371,0.8666495214190577,1084.5885969485355,2177.039297418444,1748.2700436731657,16.03045918383491,1083.4438085278434,16.152198999391178
data/Audio/PP29.wav,310.992,206.76697899724687,33.49333774017396,10.84923307462322,0.0146737032097195,7.104082157473946e-05,0.0075793307757408,0.0084538354967978,0.0227379923272225,0.1450229699174504,1.3473987613973344,0.063479218962655,0.0880151661044919,0.1353513414630646,0.190437656887965,519.1806579179873,1626.176958789026,2513.151727610448,3712.663921839288,515.7769298559324,1622.36427765656,2513.517011415268,3741.9953026170456,-4.712647200046814,0.4394525794630423,0.0356442888106735,1075.4061242537043,2098.4133803862014,1674.9383971812758,16.729737712285527,1051.0576651957447,16.649895224103496
data/Audio/P49.wav,616.008,124.01163705893296,25.770141458760666,10.028390145306297,0.0157351455483096,0.0001272240744681,0.0079021413417251,0.009262143950157,0.0237064240251754,0.1612106802547639,1.4382053304427211,0.0677111291919419,0.0981893266922561,0.1611314010448907,0.2031333875758257,468.6916924147901,1548.9365183156572,2491.510430346627,3493.7309713390346,460.8383589681689,1551.9522924869025,2507.028870097397,3518.839302454383,-2.87199048666998,-0.3424947565945265,-0.8872745620343941,1019.333647828738,2009.6647060017128,1584.8801984727977,17.689639522178858,1006.7551120022987,17.382578733764646
data/Audio/P86.wav,375.0,129.26053672706306,34.728583297254495,8.440701368319617,0.0235761178556019,0.0001831985611388,0.0126545181902044,0.0143585146464564,0.0379635545706132,0.1818173278001952,1.5993833583558608,0.0819947490278625,0.115307713959539,0.185625660295939,0.2459842470835876,482.01145090517554,1529.6964559401454,2520.712455920878,3463.5676478343307,480.4965354586302,1532.2593576917022,2530.169812556324,3446.788669873591,1.6056432355282824,-0.1185072400489766,-0.8945375424011297,988.764044804987,1997.4285938950616,1591.8301176945756,17.60084676279979,996.5629609626309,17.560355627802842
data/Audio/PP22.wav,349.992,168.15667569754214,50.21577954524431,7.759608297404364,0.026982504215049,0.0001599791777781,0.0143876009428702,0.0145945380485817,0.0431628028286108,0.1878487304170288,1.6315760457443191,0.0904289112339055,0.1261981530438917,0.2133193154383298,0.2712867337017166,502.6903217357307,1697.246694384611,2578.8618716193782,3709.7646263607858,485.1749362612173,1707.4257005710758,2588.9982809355706,3728.416125962689,3.3663054491532045,-0.7260235448894877,0.2421424829894273,1081.080396567157,2127.503760932638,1681.605340252533,16.68376721428989,1063.1275315331218,16.46086615287207
